,quality,fixed acidity,volatile acidity,citric acid,residual sugar,chlorides,free sulfur dioxide,total sulfur dioxide,density,pH,sulphates,alcohol,score
0,3,8.36,0.8845000000000001,0.17099999999999999,2.6350000000000002,0.12250000000000001,11.0,24.9,0.9974639999999999,3.3979999999999997,0.5700000000000001,9.955,Bad
1,4,7.779245283018868,0.6939622641509434,0.17415094339622642,2.6943396226415097,0.09067924528301886,12.264150943396226,36.24528301886792,0.9965424528301886,3.381509433962264,0.5964150943396226,10.26509433962264,Normal-low
2,5,8.167254038179149,0.5770411160058737,0.2436857562408223,2.528854625550661,0.09273568281938326,16.983847283406753,56.51395007342144,0.9971036270190895,3.3049486049926577,0.6209691629955947,9.899706314243758,Normal
3,6,8.34717868338558,0.49748432601880876,0.2738244514106583,2.477194357366771,0.08495611285266458,15.711598746081505,40.86990595611285,0.9966150626959248,3.318072100313479,0.6753291536050157,10.629519331243468,Good
4,7,8.872361809045225,0.40391959798994975,0.37517587939698493,2.7206030150753766,0.07658793969849247,14.045226130653266,35.02010050251256,0.9961042713567839,3.290753768844221,0.7412562814070351,11.465912897822445,Excellent
5,8,8.566666666666666,0.42333333333333334,0.39111111111111113,2.5777777777777775,0.06844444444444445,13.277777777777779,33.44444444444444,0.9952122222222223,3.2672222222222222,0.7677777777777778,12.094444444444443,Brilliant
